model,fold,train_rows,test_rows,accuracy,precision_macro,recall_macro,f1_macro,seconds
logistic_regression,1,14882,3721,0.9879064767535609,0.9701879032292049,0.9941656942823803,0.9817319287465223,0.09722195999711403
logistic_regression,2,14882,3721,0.9884439666756248,0.9713306107909366,0.9944271643338517,0.9824660121642826,0.06282831900171004
logistic_regression,3,14882,3721,0.987100241870465,0.9670566708490171,0.9937791601866252,0.9798295973808471,0.06964990900087287
logistic_regression,4,14883,3720,0.9881720430107527,0.9716921768707483,0.9942975635044063,0.982616534020737,0.06854659599775914
logistic_regression,5,14883,3720,0.9870967741935484,0.9693018776879426,0.9937767405678724,0.9810941250815645,0.08302659100081655
