model,fold,train_rows,test_rows,accuracy,precision_macro,recall_macro,f1_macro,seconds
naive_bayes,1,14882,3721,0.6027949475947326,0.6423280696271658,0.8058180251879202,0.6210987192461109,0.03572955100025865
naive_bayes,2,14882,3721,0.6197258801397474,0.6364631256127573,0.8132808456728345,0.6247607545436755,0.0265280880012142
naive_bayes,3,14882,3721,0.6197258801397474,0.6477331710602353,0.8124483690504251,0.6330539774199687,0.025898552001308417
naive_bayes,4,14883,3720,0.6029569892473118,0.6461282626621685,0.8049440045299473,0.6243618632406189,0.02489523099939106
naive_bayes,5,14883,3720,0.5973118279569892,0.6214355218297144,0.8007820791339588,0.6015775985795103,0.025327593000838533
