model,fold,train_rows,test_rows,accuracy,precision_macro,recall_macro,f1_macro,seconds
random_forest,1,14882,3721,1.0,1.0,1.0,1.0,0.9006132770009572
random_forest,2,14882,3721,0.9994625100779361,0.9989694982696538,0.9994430487432043,0.9992055269067515,0.7883412759983912
random_forest,3,14882,3721,1.0,1.0,1.0,1.0,1.063693758998852
random_forest,4,14883,3720,0.9994623655913979,0.9986717486717488,0.9997407983411094,0.9992054764980275,0.7834063329974015
random_forest,5,14883,3720,1.0,1.0,1.0,1.0,0.6962915039985091
