model,fold,train_rows,test_rows,accuracy,precision_macro,recall_macro,f1_macro,seconds
support_vector_machine,1,14882,3721,0.9779629131953775,0.9489104281919444,0.9882996496182027,0.9673768728466969,2.186068807000993
support_vector_machine,2,14882,3721,0.9782316581564096,0.951892994785763,0.9864073666656833,0.9682727320714738,2.0993711039991467
support_vector_machine,3,14882,3721,0.9779629131953775,0.9495070257061536,0.988598990448173,0.9678724286388487,2.0760789740015753
support_vector_machine,4,14883,3720,0.9779569892473118,0.9505198334015255,0.988598990448173,0.9684663961915146,2.074643694999395
support_vector_machine,5,14883,3720,0.9774193548387097,0.9487118245626732,0.9880379056760079,0.9671829323281605,2.0505019249976613
