model,fold,train_rows,test_rows,accuracy,precision_macro,recall_macro,f1_macro,seconds
logistic_regression,1,15443,3861,0.9849779849779849,0.9626325512714282,0.9929824561403509,0.9771480863244597,0.06943221199981053
logistic_regression,2,15443,3861,0.9834239834239834,0.9573649795980433,0.9922565033272838,0.9738584442311286,0.06076503400254296
logistic_regression,3,15443,3861,0.9865319865319865,0.9696547933157431,0.993708408953418,0.9812975747426883,0.059265116000460694
logistic_regression,4,15443,3861,0.9886039886039886,0.9716271291558686,0.9946782776971457,0.9827861266730568,0.06180635400232859
logistic_regression,5,15444,3860,0.9862694300518134,0.9650278642079194,0.9935897435897436,0.9787114593811291,0.05969293599991943
