model,fold,train_rows,test_rows,accuracy,precision_macro,recall_macro,f1_macro,seconds
naive_bayes,1,15443,3861,0.7371147371147371,0.6765263858704865,0.8683752280511216,0.7107890915975957,0.04063700700135087
naive_bayes,2,15443,3861,0.7192437192437192,0.6670941617139808,0.861458225162871,0.6961232746647849,0.025738598000316415
naive_bayes,3,15443,3861,0.7150997150997151,0.6679190721331332,0.8600138140627159,0.6958172894771896,0.026382626998383785
naive_bayes,4,15443,3861,0.7557627557627558,0.6883275936154192,0.8815722178835127,0.7275101433943297,0.025956684999982826
naive_bayes,5,15444,3860,0.7694300518134715,0.6950816848248985,0.887217020170325,0.7373271947949199,0.026453151000168873
