model,fold,train_rows,test_rows,accuracy,precision_macro,recall_macro,f1_macro,seconds
random_forest,1,15443,3861,1.0,1.0,1.0,1.0,0.9347905889990216
random_forest,2,15443,3861,1.0,1.0,1.0,1.0,0.7954364370016265
random_forest,3,15443,3861,1.0,1.0,1.0,1.0,0.8300651930003369
random_forest,4,15443,3861,0.9997409997409997,0.9991273996509599,0.9998790517658441,0.9995026429130697,0.8693323789993883
random_forest,5,15444,3860,1.0,1.0,1.0,1.0,0.8078369149989157
