model,fold,train_rows,test_rows,accuracy,precision_macro,recall_macro,f1_macro,seconds
support_vector_machine,1,15443,3861,0.9751359751359752,0.9433481020269952,0.9872920785083353,0.9639651099667955,2.2603312930004904
support_vector_machine,2,15443,3861,0.9712509712509713,0.9323872918342965,0.9858159744550988,0.9569568351806795,2.2741652069998963
support_vector_machine,3,15443,3861,0.972027972027972,0.9390997638895509,0.985086274379042,0.9606143149714691,2.3117762209985813
support_vector_machine,4,15443,3861,0.9808339808339809,0.9551727917309524,0.9902958882679579,0.9718905124956773,2.26093744100217
support_vector_machine,5,15444,3860,0.9782383419689119,0.9467398003204733,0.989084103582614,0.9665780873000219,2.305084429000999
