model,fold,train_rows,test_rows,accuracy,precision_macro,recall_macro,f1_macro,seconds
logistic_regression,1,14026,3507,0.9877388080980896,0.9477405692545134,0.9952269952269952,0.9703992898061978,0.08771693100061384
logistic_regression,2,14026,3507,0.986883376104933,0.9449922480620154,0.9948922940262047,0.9687181340688896,0.05075193099764874
logistic_regression,3,14026,3507,0.9883090960935272,0.9503062756074804,0.995447479458139,0.971891989269325,0.0485059389975504
logistic_regression,4,14027,3506,0.9860239589275528,0.9405118897306397,0.9945591827670442,0.9661105516901213,0.047061842000402976
logistic_regression,5,14027,3506,0.9848830576155163,0.9360442027108694,0.9941150344214967,0.9634155445265811,0.050412249998771586
