model,fold,train_rows,test_rows,accuracy,precision_macro,recall_macro,f1_macro,seconds
support_vector_machine,1,14026,3507,0.981180496150556,0.9241426467538968,0.9913482111757973,0.9554858917939141,1.6785094920014672
support_vector_machine,2,14026,3507,0.979469632164243,0.9207111202829159,0.9875654732416891,0.9519006690662534,2.0424466359982034
support_vector_machine,3,14026,3507,0.9843170801254634,0.9354156205876926,0.9938929602487231,0.9629450299899743,1.5002064359978249
support_vector_machine,4,14027,3506,0.9806046776953794,0.9239723901212127,0.9877876213652362,0.9538638192986006,1.482849128999078
support_vector_machine,5,14027,3506,0.9803194523673702,0.9189830094120524,0.9923384410393071,0.9529212658662932,1.464359597001021
